Position,Name + ID,Name,ID,Roster Position,Salary,Game Info,TeamAbbrev,AvgPointsPerGame
PG/SG,James Harden (13772382),James Harden,13772382,PG/SG/G/UTIL,12200,HOU@MIN 11/16/2019 08:00PM ET,HOU,62.33
SF/PF,Giannis Antetokounmpo (13772386),Giannis Antetokounmpo,13772386,SF/PF/F/UTIL,12000,MIL@IND 11/16/2019 07:00PM ET,MIL,64.48
PG/SG,Luka Doncic (13772390),Luka Doncic,13772390,PG/SG/G/UTIL,10300,TOR@DAL 11/16/2019 08:30PM ET,DAL,59.93
C,Karl-Anthony Towns (13772394),Karl-Anthony Towns,13772394,C/UTIL,10100,HOU@MIN 11/16/2019 08:00PM ET,MIN,54.85
SF/PF,Kawhi Leonard (13772396),Kawhi Leonard,13772396,SF/PF/F/UTIL,9900,ATL@LAC 11/16/2019 10:30PM ET,LAC,52.67
PG,Trae Young (13772400),Trae Young,13772400,PG/G/UTIL,9400,ATL@LAC 11/16/2019 10:30PM ET,ATL,49.3
PF/C,Pascal Siakam (13772403),Pascal Siakam,13772403,PF/C/F/UTIL,9200,TOR@DAL 11/16/2019 08:30PM ET,TOR,47.20
PG,Damian Lillard (13772407),Damian Lillard,13772407,PG/G/UTIL,8700,POR@SA 11/16/2019 08:30PM ET,POR,51.19
PG/SG,Jrue Holiday (13772410),Jrue Holiday,13772410,PG/SG/G/UTIL,8600,NO@MIA 11/16/2019 08:00PM ET,NO,39.92
PF/C,Domantas Sabonis (13772414),Domantas Sabonis,13772414,PF/C/F/UTIL,8500,MIL@IND 11/16/2019 07:00PM ET,IND,44.58
SG/SF,Andrew Wiggins (13772418),Andrew Wiggins,13772418,SG/SF/F/G/UTIL,8400,HOU@MIN 11/16/2019 08:00PM ET,MIN,41.77
PG,Russell Westbrook (13772423),Russell Westbrook,13772423,PG/G/UTIL,8300,HOU@MIN 11/16/2019 08:00PM ET,HOU,45.16
SF/PF,Paul George (13772426),Paul George,13772426,SF/PF/F/UTIL,7900,ATL@LAC 11/16/2019 10:30PM ET,LAC,49.25
C,Clint Capela (13772430),Clint Capela,13772430,C/UTIL,7700,HOU@MIN 11/16/2019 08:00PM ET,HOU,37.07
SG/SF,Jimmy Butler (13772432),Jimmy Butler,13772432,SG/SF/F/G/UTIL,7600,NO@MIA 11/16/2019 08:00PM ET,MIA,41.81
C,Bam Adebayo (13772437),Bam Adebayo,13772437,C/UTIL,7500,NO@MIA 11/16/2019 08:00PM ET,MIA,38.57
PG/SG,Lou Williams (13772439),Lou Williams,13772439,PG/SG/G/UTIL,7400,ATL@LAC 11/16/2019 10:30PM ET,LAC,37.29
PG,Eric Bledsoe (13772443),Eric Bledsoe,13772443,PG/G/UTIL,7300,MIL@IND 11/16/2019 07:00PM ET,MIL,34.07
PG/SG,Devonte' Graham (13772451),Devonte' Graham,13772451,PG/SG/G/UTIL,7200,CHA@NY 11/16/2019 07:30PM ET,CHA,36.17
SG/SF,DeMar DeRozan (13772446),DeMar DeRozan,13772446,SG/SF/F/G/UTIL,7200,POR@SA 11/16/2019 08:30PM ET,SA,34.83
PG/SG,Fred VanVleet (13772455),Fred VanVleet,13772455,PG/SG/G/UTIL,7100,TOR@DAL 11/16/2019 08:30PM ET,TOR,37.73
SF/PF,Jabari Parker (13772463),Jabari Parker,13772463,SF/PF/F/UTIL,7000,ATL@LAC 11/16/2019 10:30PM ET,ATL,31.34
PF/C,Kristaps Porzingis (13772459),Kristaps Porzingis,13772459,PF/C/F/UTIL,7000,TOR@DAL 11/16/2019 08:30PM ET,DAL,37.15
PF/C,Montrezl Harrell (13772467),Montrezl Harrell,13772467,PF/C/F/UTIL,6900,ATL@LAC 11/16/2019 10:30PM ET,LAC,34.73
SF/PF,Brandon Ingram (13772471),Brandon Ingram,13772471,SF/PF/F/UTIL,6900,NO@MIA 11/16/2019 08:00PM ET,NO,44.28
PG/SG,Malcolm Brogdon (13772475),Malcolm Brogdon,13772475,PG/SG/G/UTIL,6900,MIL@IND 11/16/2019 07:00PM ET,IND,39.79
PG,Kyle Lowry (13772479),Kyle Lowry,13772479,PG/G/UTIL,6800,TOR@DAL 11/16/2019 08:30PM ET,TOR,39.94
PG,Terry Rozier (13772482),Terry Rozier,13772482,PG/G/UTIL,6700,CHA@NY 11/16/2019 07:30PM ET,CHA,32.04
PF/C,LaMarcus Aldridge (13772485),LaMarcus Aldridge,13772485,PF/C/F/UTIL,6600,POR@SA 11/16/2019 08:30PM ET,SA,32.85
PG/SG,CJ McCollum (13772489),CJ McCollum,13772489,PG/SG/G/UTIL,6500,POR@SA 11/16/2019 08:30PM ET,POR,32.56
PF/C,Julius Randle (13772493),Julius Randle,13772493,PF/C/F/UTIL,6400,CHA@NY 11/16/2019 07:30PM ET,NY,34.46
C,Hassan Whiteside (13772497),Hassan Whiteside,13772497,C/UTIL,6300,POR@SA 11/16/2019 08:30PM ET,POR,35.59
PF/C,Derrick Favors (13772499),Derrick Favors,13772499,PF/C/F/UTIL,6200,NO@MIA 11/16/2019 08:00PM ET,NO,26.03
C,Myles Turner (13772503),Myles Turner,13772503,C/UTIL,6100,MIL@IND 11/16/2019 07:00PM ET,IND,27.94
SF/PF,Marcus Morris (13772505),Marcus Morris,13772505,SF/PF/F/UTIL,6000,CHA@NY 11/16/2019 07:30PM ET,NY,31.52
SG/SF,Jeremy Lamb (13772509),Jeremy Lamb,13772509,SG/SF/F/G/UTIL,6000,MIL@IND 11/16/2019 07:00PM ET,IND,33
PG/SF,Justise Winslow (13772514),Justise Winslow,13772514,PG/SF/F/G/UTIL,5900,NO@MIA 11/16/2019 08:00PM ET,MIA,33.2
PG/SG,Kendrick Nunn (13772519),Kendrick Nunn,13772519,PG/SG/G/UTIL,5800,NO@MIA 11/16/2019 08:00PM ET,MIA,29.41
PG,Lonzo Ball (13772523),Lonzo Ball,13772523,PG/G/UTIL,5800,NO@MIA 11/16/2019 08:00PM ET,NO,29.94
PG,Goran Dragic (13772530),Goran Dragic,13772530,PG/G/UTIL,5700,NO@MIA 11/16/2019 08:00PM ET,MIA,29.70
SF/PF,T.J. Warren (13772526),T.J. Warren,13772526,SF/PF/F/UTIL,5700,MIL@IND 11/16/2019 07:00PM ET,IND,26.46
C,Marc Gasol (13772533),Marc Gasol,13772533,C/UTIL,5700,TOR@DAL 11/16/2019 08:30PM ET,TOR,20.98
PG/SG,RJ Barrett (13772535),RJ Barrett,13772535,PG/SG/G/UTIL,5600,CHA@NY 11/16/2019 07:30PM ET,NY,31.06
SF/PF,Miles Bridges (13772539),Miles Bridges,13772539,SF/PF/F/UTIL,5600,CHA@NY 11/16/2019 07:30PM ET,CHA,24.54
C,Cody Zeller (13772543),Cody Zeller,13772543,C/UTIL,5500,CHA@NY 11/16/2019 07:30PM ET,CHA,28.84
SG/SF,Josh Hart (13772545),Josh Hart,13772545,SG/SF/F/G/UTIL,5400,NO@MIA 11/16/2019 08:00PM ET,NO,27.38
SF/PF,Rondae Hollis-Jefferson (13772550),Rondae Hollis-Jefferson,13772550,SF/PF/F/UTIL,5400,TOR@DAL 11/16/2019 08:30PM ET,TOR,20.31
SF/PF,Kenrich Williams (13772554),Kenrich Williams,13772554,SF/PF/F/UTIL,5300,NO@MIA 11/16/2019 08:00PM ET,NO,19.30
PF/C,Serge Ibaka (13772558),Serge Ibaka,13772558,PF/C/F/UTIL,5300,TOR@DAL 11/16/2019 08:30PM ET,TOR,26.25
PG,Dejounte Murray (13772562),Dejounte Murray,13772562,PG/G/UTIL,5200,POR@SA 11/16/2019 08:30PM ET,SA,29.68
PG,Jeff Teague (13772565),Jeff Teague,13772565,PG/G/UTIL,5100,HOU@MIN 11/16/2019 08:00PM ET,MIN,29.12
PG/SG,Malik Monk (13772568),Malik Monk,13772568,PG/SG/G/UTIL,5000,CHA@NY 11/16/2019 07:30PM ET,CHA,17.58
PG,Dennis Smith Jr. (13772572),Dennis Smith Jr.,13772572,PG/G/UTIL,5000,CHA@NY 11/16/2019 07:30PM ET,NY,9.95
SG/SF,JJ Redick (13772583),JJ Redick,13772583,SG/SF/F/G/UTIL,4900,NO@MIA 11/16/2019 08:00PM ET,NO,19.77
C,Brook Lopez (13772575),Brook Lopez,13772575,C/UTIL,4900,MIL@IND 11/16/2019 07:00PM ET,MIL,23.61
PG/SG,Aaron Holiday (13772579),Aaron Holiday,13772579,PG/SG/G/UTIL,4900,MIL@IND 11/16/2019 07:00PM ET,IND,17.82
C,Dwight Powell (13772577),Dwight Powell,13772577,C/UTIL,4900,TOR@DAL 11/16/2019 08:30PM ET,DAL,19.31
PF/C,PJ Washington (13772592),PJ Washington,13772592,PF/C/F/UTIL,4800,CHA@NY 11/16/2019 07:30PM ET,CHA,26.46
SF/PF,Robert Covington (13772588),Robert Covington,13772588,SF/PF/F/UTIL,4800,HOU@MIN 11/16/2019 08:00PM ET,MIN,26.17
SF/PF,Rudy Gay (13772600),Rudy Gay,13772600,SF/PF/F/UTIL,4800,POR@SA 11/16/2019 08:30PM ET,SA,24.21
SF/PF,OG Anunoby (13772596),OG Anunoby,13772596,SF/PF/F/UTIL,4800,TOR@DAL 11/16/2019 08:30PM ET,TOR,26.85
PF/C,Bobby Portis (13772608),Bobby Portis,13772608,PF/C/F/UTIL,4700,CHA@NY 11/16/2019 07:30PM ET,NY,23.17
SF/PF,De'Andre Hunter (13772604),De'Andre Hunter,13772604,SF/PF/F/UTIL,4700,ATL@LAC 11/16/2019 10:30PM ET,ATL,19.36
PG/SG,Patrick Beverley (13772612),Patrick Beverley,13772612,PG/SG/G/UTIL,4600,ATL@LAC 11/16/2019 10:30PM ET,LAC,22.77
SG,Tyler Herro (13772616),Tyler Herro,13772616,SG/G/UTIL,4600,NO@MIA 11/16/2019 08:00PM ET,MIA,23.75
SG/SF,Rodney Hood (13772619),Rodney Hood,13772619,SG/SF/F/G/UTIL,4600,POR@SA 11/16/2019 08:30PM ET,POR,20.38
C,Mitchell Robinson (13772628),Mitchell Robinson,13772628,C/UTIL,4500,CHA@NY 11/16/2019 07:30PM ET,NY,23.31
SG/SF,Nicolas Batum (13772655),Nicolas Batum,13772655,SG/SF/F/G/UTIL,4500,CHA@NY 11/16/2019 07:30PM ET,CHA,7
SG/SF,Josh Okogie (13772636),Josh Okogie,13772636,SG/SF/F/G/UTIL,4500,HOU@MIN 11/16/2019 08:00PM ET,MIN,21.65
C,Alex Len (13772634),Alex Len,13772634,C/UTIL,4500,ATL@LAC 11/16/2019 10:30PM ET,ATL,17.66
SG/SF,Kevin Huerter (13772650),Kevin Huerter,13772650,SG/SF/F/G/UTIL,4500,ATL@LAC 11/16/2019 10:30PM ET,ATL,19.68
PF/C,Meyers Leonard (13772624),Meyers Leonard,13772624,PF/C/F/UTIL,4500,NO@MIA 11/16/2019 08:00PM ET,MIA,16.84
SG/SF,E'Twaun Moore (13772641),E'Twaun Moore,13772641,SG/SF/F/G/UTIL,4500,NO@MIA 11/16/2019 08:00PM ET,NO,15.04
PG/SG,Derrick White (13772630),Derrick White,13772630,PG/SG/G/UTIL,4500,POR@SA 11/16/2019 08:30PM ET,SA,20.23
PG/SG,Anfernee Simons (13772646),Anfernee Simons,13772646,PG/SG/G/UTIL,4500,POR@SA 11/16/2019 08:30PM ET,POR,17.75
PG,Elfrid Payton (13772665),Elfrid Payton,13772665,PG/G/UTIL,4400,CHA@NY 11/16/2019 07:30PM ET,NY,22.12
SF/PF,P.J. Tucker (13772668),P.J. Tucker,13772668,SF/PF/F/UTIL,4400,HOU@MIN 11/16/2019 08:00PM ET,HOU,25.17
PG/SF,DeAndre' Bembry (13772672),DeAndre' Bembry,13772672,PG/SF/F/G/UTIL,4400,ATL@LAC 11/16/2019 10:30PM ET,ATL,20.66
SF/PF,JaMychal Green (13772677),JaMychal Green,13772677,SF/PF/F/UTIL,4400,ATL@LAC 11/16/2019 10:30PM ET,LAC,19.94
SG/SF,Norman Powell (13772660),Norman Powell,13772660,SG/SF/F/G/UTIL,4400,TOR@DAL 11/16/2019 08:30PM ET,TOR,18.61
PF/C,Taj Gibson (13772681),Taj Gibson,13772681,PF/C/F/UTIL,4300,CHA@NY 11/16/2019 07:30PM ET,NY,13.1
PG/SG,Frank Ntilikina (13772685),Frank Ntilikina,13772685,PG/SG/G/UTIL,4300,CHA@NY 11/16/2019 07:30PM ET,NY,16.86
SF/PF,Jake Layman (13772689),Jake Layman,13772689,SF/PF/F/UTIL,4300,HOU@MIN 11/16/2019 08:00PM ET,MIN,17.94
C,Tyson Chandler (13772702),Tyson Chandler,13772702,C/UTIL,4200,HOU@MIN 11/16/2019 08:00PM ET,HOU,7.89
PG/SG,Frank Jackson (13772693),Frank Jackson,13772693,PG/SG/G/UTIL,4200,NO@MIA 11/16/2019 08:00PM ET,NO,17
SG/SF,Kent Bazemore (13772697),Kent Bazemore,13772697,SG/SF/F/G/UTIL,4200,POR@SA 11/16/2019 08:30PM ET,POR,20.19
C,Ivica Zubac (13772704),Ivica Zubac,13772704,C/UTIL,4100,ATL@LAC 11/16/2019 10:30PM ET,LAC,20.85
C,Damian Jones (13772724),Damian Jones,13772724,C/UTIL,4100,ATL@LAC 11/16/2019 10:30PM ET,ATL,12.75
PF/C,Kelly Olynyk (13772706),Kelly Olynyk,13772706,PF/C/F/UTIL,4100,NO@MIA 11/16/2019 08:00PM ET,MIA,19.18
SG/SF,Dion Waiters (13772710),Dion Waiters,13772710,SG/SF/F/G/UTIL,4100,NO@MIA 11/16/2019 08:00PM ET,MIA,0
SG/SF,Wesley Matthews (13772719),Wesley Matthews,13772719,SG/SF/F/G/UTIL,4100,MIL@IND 11/16/2019 07:00PM ET,MIL,13.39
PG/SG,Bryn Forbes (13772715),Bryn Forbes,13772715,PG/SG/G/UTIL,4100,POR@SA 11/16/2019 08:30PM ET,SA,21.5
SG/SF,Tim Hardaway Jr. (13772726),Tim Hardaway Jr.,13772726,SG/SF/F/G/UTIL,4100,TOR@DAL 11/16/2019 08:30PM ET,DAL,18.02
SG/SF,Jarrett Culver (13772739),Jarrett Culver,13772739,SG/SF/F/G/UTIL,4000,HOU@MIN 11/16/2019 08:00PM ET,MIN,17.12
SF/PF,Moe Harkless (13772744),Moe Harkless,13772744,SF/PF/F/UTIL,4000,ATL@LAC 11/16/2019 10:30PM ET,LAC,14.27
PF/C,Chris Boucher (13772731),Chris Boucher,13772731,PF/C/F/UTIL,4000,TOR@DAL 11/16/2019 08:30PM ET,TOR,12.33
PF/C,Maxi Kleber (13772735),Maxi Kleber,13772735,PF/C/F/UTIL,4000,TOR@DAL 11/16/2019 08:30PM ET,DAL,21.58
SF/PF,Kevin Knox (13772761),Kevin Knox,13772761,SF/PF/F/UTIL,3900,CHA@NY 11/16/2019 07:30PM ET,NY,18.33
SF/PF,Danuel House Jr. (13772757),Danuel House Jr.,13772757,SF/PF/F/UTIL,3900,HOU@MIN 11/16/2019 08:00PM ET,HOU,24.12
SG/SF,Duncan Robinson (13772748),Duncan Robinson,13772748,SG/SF/F/G/UTIL,3900,NO@MIA 11/16/2019 08:00PM ET,MIA,15.91
PG/SG,George Hill (13772753),George Hill,13772753,PG/SG/G/UTIL,3900,MIL@IND 11/16/2019 07:00PM ET,MIL,20.34
SF/PF,Mario Hezonja (13772765),Mario Hezonja,13772765,SF/PF/F/UTIL,3900,POR@SA 11/16/2019 08:30PM ET,POR,16.5
SG/SF,Terence Davis (13772769),Terence Davis,13772769,SG/SF/F/G/UTIL,3900,TOR@DAL 11/16/2019 08:30PM ET,TOR,10.32
SG/SF,Ben McLemore (13772783),Ben McLemore,13772783,SG/SF/F/G/UTIL,3800,HOU@MIN 11/16/2019 08:00PM ET,HOU,10.90
PF/C,Goga Bitadze (13772774),Goga Bitadze,13772774,PF/C/F/UTIL,3800,MIL@IND 11/16/2019 07:00PM ET,IND,18.46
SG/SF,Sterling Brown (13772778),Sterling Brown,13772778,SG/SF/F/G/UTIL,3800,MIL@IND 11/16/2019 07:00PM ET,MIL,12.78
PG/SG,Austin Rivers (13772796),Austin Rivers,13772796,PG/SG/G/UTIL,3700,HOU@MIN 11/16/2019 08:00PM ET,HOU,13.38
PG/SG,Cam Reddish (13772808),Cam Reddish,13772808,PG/SG/G/UTIL,3700,ATL@LAC 11/16/2019 10:30PM ET,ATL,14.86
SF/PF,Doug McDermott (13772788),Doug McDermott,13772788,SF/PF/F/UTIL,3700,MIL@IND 11/16/2019 07:00PM ET,IND,16
PG,T.J. McConnell (13772800),T.J. McConnell,13772800,PG/G/UTIL,3700,MIL@IND 11/16/2019 07:00PM ET,IND,17.90
SG/SF,Pat Connaughton (13772803),Pat Connaughton,13772803,SG/SF/F/G/UTIL,3700,MIL@IND 11/16/2019 07:00PM ET,MIL,13.47
PG/SG,Jalen Brunson (13772792),Jalen Brunson,13772792,PG/SG/G/UTIL,3700,TOR@DAL 11/16/2019 08:30PM ET,DAL,17.82
SG/SF,Eric Gordon (13772816),Eric Gordon,13772816,SG/SF/F/G/UTIL,3600,HOU@MIN 11/16/2019 08:00PM ET,HOU,16.47
SG/SF,Landry Shamet (13772827),Landry Shamet,13772827,SG/SF/F/G/UTIL,3600,ATL@LAC 11/16/2019 10:30PM ET,LAC,14.98
C,Jahlil Okafor (13772825),Jahlil Okafor,13772825,C/UTIL,3600,NO@MIA 11/16/2019 08:00PM ET,NO,20.28
PG/SG,Patty Mills (13772821),Patty Mills,13772821,PG/SG/G/UTIL,3600,POR@SA 11/16/2019 08:30PM ET,SA,18.65
PG/SG,Delon Wright (13772812),Delon Wright,13772812,PG/SG/G/UTIL,3600,TOR@DAL 11/16/2019 08:30PM ET,DAL,20.27
SG/SF,Treveon Graham (13772859),Treveon Graham,13772859,SG/SF/F/G/UTIL,3500,HOU@MIN 11/16/2019 08:00PM ET,MIN,16.06
SG/SF,Rodney McGruder (13772832),Rodney McGruder,13772832,SG/SF/F/G/UTIL,3500,ATL@LAC 11/16/2019 10:30PM ET,LAC,6.94
SG/SF,Terance Mann (13772849),Terance Mann,13772849,SG/SF/F/G/UTIL,3500,ATL@LAC 11/16/2019 10:30PM ET,LAC,5.04
C,Jaxson Hayes (13772864),Jaxson Hayes,13772864,C/UTIL,3500,NO@MIA 11/16/2019 08:00PM ET,NO,13.91
PG/SF,Donte DiVincenzo (13772837),Donte DiVincenzo,13772837,PG/SF/F/G/UTIL,3500,MIL@IND 11/16/2019 07:00PM ET,MIL,13.91
SG/SF,Justin Holiday (13772854),Justin Holiday,13772854,SG/SF/F/G/UTIL,3500,MIL@IND 11/16/2019 07:00PM ET,IND,16.46
PF,Trey Lyles (13772842),Trey Lyles,13772842,PF/F/UTIL,3500,POR@SA 11/16/2019 08:30PM ET,SA,17.96
SF/PF,Dorian Finney-Smith (13772845),Dorian Finney-Smith,13772845,SF/PF/F/UTIL,3500,TOR@DAL 11/16/2019 08:30PM ET,DAL,17.25
PG/SG,Shabazz Napier (13772866),Shabazz Napier,13772866,PG/SG/G/UTIL,3400,HOU@MIN 11/16/2019 08:00PM ET,MIN,21.29
SG/SF,Damyean Dotson (13772874),Damyean Dotson,13772874,SG/SF/F/G/UTIL,3300,CHA@NY 11/16/2019 07:30PM ET,NY,8.12
PG/SF,Cody Martin (13772888),Cody Martin,13772888,PG/SF/F/G/UTIL,3300,CHA@NY 11/16/2019 07:30PM ET,CHA,11.59
PG/SG,Nickeil Alexander-Walker (13772893),Nickeil Alexander-Walker,13772893,PG/SG/G/UTIL,3300,NO@MIA 11/16/2019 08:00PM ET,NO,11.77
SF/PF,Jakarr Sampson (13772870),Jakarr Sampson,13772870,SF/PF/F/UTIL,3300,MIL@IND 11/16/2019 07:00PM ET,IND,12.78
SG/SF,Kyle Korver (13772883),Kyle Korver,13772883,SG/SF/F/G/UTIL,3300,MIL@IND 11/16/2019 07:00PM ET,MIL,11.44
PF/C,Skal Labissiere (13772879),Skal Labissiere,13772879,PF/C/F/UTIL,3300,POR@SA 11/16/2019 08:30PM ET,POR,13.40
SG/SF,Allen Crabbe (13772901),Allen Crabbe,13772901,SG/SF/F/G/UTIL,3200,ATL@LAC 11/16/2019 10:30PM ET,ATL,9
SF/PF,Derrick Jones Jr. (13772897),Derrick Jones Jr.,13772897,SF/PF/F/UTIL,3200,NO@MIA 11/16/2019 08:00PM ET,MIA,11.62
PF/C,Ersan Ilyasova (13772913),Ersan Ilyasova,13772913,PF/C/F/UTIL,3200,MIL@IND 11/16/2019 07:00PM ET,MIL,14.77
C,Robin Lopez (13772917),Robin Lopez,13772917,C/UTIL,3200,MIL@IND 11/16/2019 07:00PM ET,MIL,8.77
SG/SF,Marco Belinelli (13772906),Marco Belinelli,13772906,SG/SF/F/G/UTIL,3200,POR@SA 11/16/2019 08:30PM ET,SA,9.54
C,Jakob Poeltl (13772911),Jakob Poeltl,13772911,C/UTIL,3200,POR@SA 11/16/2019 08:30PM ET,SA,14.35
SG/SF,Dwayne Bacon (13772949),Dwayne Bacon,13772949,SG/SF/F/G/UTIL,3100,CHA@NY 11/16/2019 07:30PM ET,CHA,17.72
C,Bismack Biyombo (13772986),Bismack Biyombo,13772986,C/UTIL,3100,CHA@NY 11/16/2019 07:30PM ET,CHA,12
PF/C,Gorgui Dieng (13772929),Gorgui Dieng,13772929,PF/C/F/UTIL,3100,HOU@MIN 11/16/2019 08:00PM ET,MIN,15.22
PF/C,Jordan Bell (13772933),Jordan Bell,13772933,PF/C/F/UTIL,3100,HOU@MIN 11/16/2019 08:00PM ET,MIN,11.05
PF/C,Noah Vonleh (13772937),Noah Vonleh,13772937,PF/C/F/UTIL,3100,HOU@MIN 11/16/2019 08:00PM ET,MIN,10.94
PG/SG,Jaylen Nowell (13772941),Jaylen Nowell,13772941,PG/SG/G/UTIL,3100,HOU@MIN 11/16/2019 08:00PM ET,MIN,0
SF/PF,Thabo Sefolosha (13772954),Thabo Sefolosha,13772954,SF/PF/F/UTIL,3100,HOU@MIN 11/16/2019 08:00PM ET,HOU,8.98
SF/PF,Chandler Parsons (13772969),Chandler Parsons,13772969,SF/PF/F/UTIL,3100,ATL@LAC 11/16/2019 10:30PM ET,ATL,0
SG,Jerome Robinson (13772975),Jerome Robinson,13772975,SG/G/UTIL,3100,ATL@LAC 11/16/2019 10:30PM ET,LAC,4.39
SF/PF,Vince Carter (13772978),Vince Carter,13772978,SF/PF/F/UTIL,3100,ATL@LAC 11/16/2019 10:30PM ET,ATL,9.84
PG/SG,Tyrone Wallace (13772982),Tyrone Wallace,13772982,PG/SG/G/UTIL,3100,ATL@LAC 11/16/2019 10:30PM ET,ATL,8.91
C,Chris Silva (13772973),Chris Silva,13772973,C/UTIL,3100,NO@MIA 11/16/2019 08:00PM ET,MIA,9.61
PF/C,TJ Leaf (13772925),TJ Leaf,13772925,PF/C/F/UTIL,3100,MIL@IND 11/16/2019 07:00PM ET,IND,12.3
PF/C,Chimezie Metu (13772945),Chimezie Metu,13772945,PF/C/F/UTIL,3100,POR@SA 11/16/2019 08:30PM ET,SA,8.12
PF/C,Anthony Tolliver (13772958),Anthony Tolliver,13772958,PF/C/F/UTIL,3100,POR@SA 11/16/2019 08:30PM ET,POR,9.86
SG,Gary Trent Jr. (13772962),Gary Trent Jr.,13772962,SG/G/UTIL,3100,POR@SA 11/16/2019 08:30PM ET,POR,5.21
SF/PF,Nassir Little (13772965),Nassir Little,13772965,SF/PF/F/UTIL,3100,POR@SA 11/16/2019 08:30PM ET,POR,7.1
C,Boban Marjanovic (13772919),Boban Marjanovic,13772919,C/UTIL,3100,TOR@DAL 11/16/2019 08:30PM ET,DAL,14.65
PG/SG,Seth Curry (13772921),Seth Curry,13772921,PG/SG/G/UTIL,3100,TOR@DAL 11/16/2019 08:30PM ET,DAL,12.73
SG/SF,Wayne Ellington (13773019),Wayne Ellington,13773019,SG/SF/F/G/UTIL,3000,CHA@NY 11/16/2019 07:30PM ET,NY,8.75
SG/SF,Reggie Bullock (13773024),Reggie Bullock,13773024,SG/SF/F/G/UTIL,3000,CHA@NY 11/16/2019 07:30PM ET,NY,0
PG/SG,Kadeem Allen (13773029),Kadeem Allen,13773029,PG/SG/G/UTIL,3000,CHA@NY 11/16/2019 07:30PM ET,NY,0
PG/SG,Allonzo Trier (13773033),Allonzo Trier,13773033,PG/SG/G/UTIL,3000,CHA@NY 11/16/2019 07:30PM ET,NY,12.19
PF/C,Ivan Rabb (13773037),Ivan Rabb,13773037,PF/C/F/UTIL,3000,CHA@NY 11/16/2019 07:30PM ET,NY,0
SF/PF,Ignas Brazdeikis (13773041),Ignas Brazdeikis,13773041,SF/PF/F/UTIL,3000,CHA@NY 11/16/2019 07:30PM ET,NY,2.25
SF/PF,Marvin Williams (13773168),Marvin Williams,13773168,SF/PF/F/UTIL,3000,CHA@NY 11/16/2019 07:30PM ET,CHA,11.48
SF/PF,Michael Kidd-Gilchrist (13773172),Michael Kidd-Gilchrist,13773172,SF/PF/F/UTIL,3000,CHA@NY 11/16/2019 07:30PM ET,CHA,10
C,Guillermo Hernangomez (13773176),Guillermo Hernangomez,13773176,C/UTIL,3000,CHA@NY 11/16/2019 07:30PM ET,CHA,8.5
SG/SF,Caleb Martin (13773178),Caleb Martin,13773178,SG/SF/F/G/UTIL,3000,CHA@NY 11/16/2019 07:30PM ET,CHA,6.33
SF/PF,Robert Franks (13773183),Robert Franks,13773183,SF/PF/F/UTIL,3000,CHA@NY 11/16/2019 07:30PM ET,CHA,0
SG,Kobi Simmons (13773187),Kobi Simmons,13773187,SG/G/UTIL,3000,CHA@NY 11/16/2019 07:30PM ET,CHA,0
SF/PF,Jalen McDaniels (13773190),Jalen McDaniels,13773190,SF/PF/F/UTIL,3000,CHA@NY 11/16/2019 07:30PM ET,CHA,3.25
SF,Kelan Martin (13773045),Kelan Martin,13773045,SF/F/UTIL,3000,HOU@MIN 11/16/2019 08:00PM ET,MIN,4
SF/PF,Keita Bates-Diop (13773048),Keita Bates-Diop,13773048,SF/PF/F/UTIL,3000,HOU@MIN 11/16/2019 08:00PM ET,MIN,3.25
PG,Jordan McLaughlin (13773052),Jordan McLaughlin,13773052,PG/G/UTIL,3000,HOU@MIN 11/16/2019 08:00PM ET,MIN,8.06
PF/C,Naz Reid (13773055),Naz Reid,13773055,PF/C/F/UTIL,3000,HOU@MIN 11/16/2019 08:00PM ET,MIN,0
C,Nene Hilario (13773194),Nene Hilario,13773194,C/UTIL,3000,HOU@MIN 11/16/2019 08:00PM ET,HOU,0
SG/SF,Gerald Green (13773196),Gerald Green,13773196,SG/SF/F/G/UTIL,3000,HOU@MIN 11/16/2019 08:00PM ET,HOU,0
PF/C,Ryan Anderson (13773201),Ryan Anderson,13773201,PF/C/F/UTIL,3000,HOU@MIN 11/16/2019 08:00PM ET,HOU,9.38
PG/SG,Michael Frazier (13773205),Michael Frazier,13773205,PG/SG/G/UTIL,3000,HOU@MIN 11/16/2019 08:00PM ET,HOU,0
PF/C,Gary Clark (13773209),Gary Clark,13773209,PF/C/F/UTIL,3000,HOU@MIN 11/16/2019 08:00PM ET,HOU,0
PG,Chris Clemons (13773213),Chris Clemons,13773213,PG/G/UTIL,3000,HOU@MIN 11/16/2019 08:00PM ET,HOU,5.5
PF/C,Isaiah Hartenstein (13773216),Isaiah Hartenstein,13773216,PF/C/F/UTIL,3000,HOU@MIN 11/16/2019 08:00PM ET,HOU,6
PF/C,John Collins (13772997),John Collins,13772997,PF/C/F/UTIL,3000,ATL@LAC 11/16/2019 10:30PM ET,ATL,36.9
PF/C,Patrick Patterson (13773127),Patrick Patterson,13773127,PF/C/F/UTIL,3000,ATL@LAC 11/16/2019 10:30PM ET,LAC,11.42
PG,Derrick Walton Jr. (13773131),Derrick Walton Jr.,13773131,PG/G/UTIL,3000,ATL@LAC 11/16/2019 10:30PM ET,LAC,0
PF/C,Johnathan Motley (13773134),Johnathan Motley,13773134,PF/C/F/UTIL,3000,ATL@LAC 11/16/2019 10:30PM ET,LAC,4
PF/C,Mfiondu Kabengele (13773138),Mfiondu Kabengele,13773138,PF/C/F/UTIL,3000,ATL@LAC 11/16/2019 10:30PM ET,LAC,2.25
PG/SF,Amir Coffey (13773142),Amir Coffey,13773142,PG/SF/F/G/UTIL,3000,ATL@LAC 11/16/2019 10:30PM ET,LAC,0
PG/SF,Evan Turner (13773276),Evan Turner,13773276,PG/SF/F/G/UTIL,3000,ATL@LAC 11/16/2019 10:30PM ET,ATL,10.42
PG/SG,Brandon Goodwin (13773281),Brandon Goodwin,13773281,PG/SG/G/UTIL,3000,ATL@LAC 11/16/2019 10:30PM ET,ATL,0
SG/SF,Charlie Brown (13773285),Charlie Brown,13773285,SG/SF/F/G/UTIL,3000,ATL@LAC 11/16/2019 10:30PM ET,ATL,4
C,Bruno Fernando (13773290),Bruno Fernando,13773290,C/UTIL,3000,ATL@LAC 11/16/2019 10:30PM ET,ATL,9.96
PF,Udonis Haslem (13773059),Udonis Haslem,13773059,PF/F/UTIL,3000,NO@MIA 11/16/2019 08:00PM ET,MIA,4.5
SF/PF,James Johnson (13773062),James Johnson,13773062,SF/PF/F/UTIL,3000,NO@MIA 11/16/2019 08:00PM ET,MIA,12
PG/SG,Daryl Macon (13773066),Daryl Macon,13773066,PG/SG/G/UTIL,3000,NO@MIA 11/16/2019 08:00PM ET,MIA,1.75
SF/PF,KZ Okpala (13773070),KZ Okpala,13773070,SF/PF/F/UTIL,3000,NO@MIA 11/16/2019 08:00PM ET,MIA,0.38
SF/PF,Darius Miller (13773220),Darius Miller,13773220,SF/PF/F/UTIL,3000,NO@MIA 11/16/2019 08:00PM ET,NO,0
PG,Josh Gray (13773224),Josh Gray,13773224,PG/G/UTIL,3000,NO@MIA 11/16/2019 08:00PM ET,NO,0
SF/PF,Zylan Cheatham (13773227),Zylan Cheatham,13773227,SF/PF/F/UTIL,3000,NO@MIA 11/16/2019 08:00PM ET,NO,0
PF/C,Zion Williamson (13773231),Zion Williamson,13773231,PF/C/F/UTIL,3000,NO@MIA 11/16/2019 08:00PM ET,NO,0
PF/C,Nicolo Melli (13773235),Nicolo Melli,13773235,PF/C/F/UTIL,3000,NO@MIA 11/16/2019 08:00PM ET,NO,9.5
SG/SF,Khris Middleton (13772992),Khris Middleton,13772992,SG/SF/F/G/UTIL,3000,MIL@IND 11/16/2019 07:00PM ET,MIL,31.98
PG/SG,Victor Oladipo (13773001),Victor Oladipo,13773001,PG/SG/G/UTIL,3000,MIL@IND 11/16/2019 07:00PM ET,IND,0
PG,Naz Mitrou-Long (13773005),Naz Mitrou-Long,13773005,PG/G/UTIL,3000,MIL@IND 11/16/2019 07:00PM ET,IND,3.5
SG/SF,Edmond Sumner (13773008),Edmond Sumner,13773008,SG/SF/F/G/UTIL,3000,MIL@IND 11/16/2019 07:00PM ET,IND,15.08
PF,Alize Johnson (13773013),Alize Johnson,13773013,PF/F/UTIL,3000,MIL@IND 11/16/2019 07:00PM ET,IND,4.67
SF,Brian Bowen II (13773016),Brian Bowen II,13773016,SF/F/UTIL,3000,MIL@IND 11/16/2019 07:00PM ET,IND,2
SG/SF,Cameron Reynolds (13773147),Cameron Reynolds,13773147,SG/SF/F/G/UTIL,3000,MIL@IND 11/16/2019 07:00PM ET,MIL,0
PG/SG,Frank Mason III (13773152),Frank Mason III,13773152,PG/SG/G/UTIL,3000,MIL@IND 11/16/2019 07:00PM ET,MIL,0
SF/PF,Thanasis Antetokounmpo (13773156),Thanasis Antetokounmpo,13773156,SF/PF/F/UTIL,3000,MIL@IND 11/16/2019 07:00PM ET,MIL,6
PF/C,D.J. Wilson (13773160),D.J. Wilson,13773160,PF/C/F/UTIL,3000,MIL@IND 11/16/2019 07:00PM ET,MIL,3.25
PF/C,Dragan Bender (13773164),Dragan Bender,13773164,PF/C/F/UTIL,3000,MIL@IND 11/16/2019 07:00PM ET,MIL,0
PF/C,Zach Collins (13772988),Zach Collins,13772988,PF/C/F/UTIL,3000,POR@SA 11/16/2019 08:30PM ET,POR,17.83
SF/PF,DeMarre Carroll (13773074),DeMarre Carroll,13773074,SF/PF/F/UTIL,3000,POR@SA 11/16/2019 08:30PM ET,SA,7.56
PF/C,Drew Eubanks (13773078),Drew Eubanks,13773078,PF/C/F/UTIL,3000,POR@SA 11/16/2019 08:30PM ET,SA,3.25
PG,Quinndary Weatherspoon (13773082),Quinndary Weatherspoon,13773082,PG/G/UTIL,3000,POR@SA 11/16/2019 08:30PM ET,SA,0
SG/SF,Lonnie Walker IV (13773085),Lonnie Walker IV,13773085,SG/SF/F/G/UTIL,3000,POR@SA 11/16/2019 08:30PM ET,SA,2.64
SG/SF,Keldon Johnson (13773090),Keldon Johnson,13773090,SG/SF/F/G/UTIL,3000,POR@SA 11/16/2019 08:30PM ET,SA,0
SF/PF,Luka Samanic (13773095),Luka Samanic,13773095,SF/PF/F/UTIL,3000,POR@SA 11/16/2019 08:30PM ET,SA,0
C,Pau Gasol (13773239),Pau Gasol,13773239,C/UTIL,3000,POR@SA 11/16/2019 08:30PM ET,POR,0
C,Jusuf Nurkic (13773241),Jusuf Nurkic,13773241,C/UTIL,3000,POR@SA 11/16/2019 08:30PM ET,POR,0
SF/PF,Jaylen Hoard (13773243),Jaylen Hoard,13773243,SF/PF/F/UTIL,3000,POR@SA 11/16/2019 08:30PM ET,POR,1.25
C,Moses Brown (13773247),Moses Brown,13773247,C/UTIL,3000,POR@SA 11/16/2019 08:30PM ET,POR,1.88
PG/SG,J.J. Barea (13773099),J.J. Barea,13773099,PG/SG/G/UTIL,3000,TOR@DAL 11/16/2019 08:30PM ET,DAL,17.25
SG/SF,Courtney Lee (13773103),Courtney Lee,13773103,SG/SF/F/G/UTIL,3000,TOR@DAL 11/16/2019 08:30PM ET,DAL,3.08
SG/SF,Ryan Broekhoff (13773108),Ryan Broekhoff,13773108,SG/SF/F/G/UTIL,3000,TOR@DAL 11/16/2019 08:30PM ET,DAL,2.5
SG,Antonius Cleveland (13773113),Antonius Cleveland,13773113,SG/G/UTIL,3000,TOR@DAL 11/16/2019 08:30PM ET,DAL,0
SF/PF,Justin Jackson (13773116),Justin Jackson,13773116,SF/PF/F/UTIL,3000,TOR@DAL 11/16/2019 08:30PM ET,DAL,10.48
SG,Josh Reaves (13773120),Josh Reaves,13773120,SG/G/UTIL,3000,TOR@DAL 11/16/2019 08:30PM ET,DAL,0
SF/PF,Isaiah Roby (13773123),Isaiah Roby,13773123,SF/PF/F/UTIL,3000,TOR@DAL 11/16/2019 08:30PM ET,DAL,0
SG/SF,Malcolm Miller (13773249),Malcolm Miller,13773249,SG/SF/F/G/UTIL,3000,TOR@DAL 11/16/2019 08:30PM ET,TOR,2
SG,Matt Thomas (13773254),Matt Thomas,13773254,SG/G/UTIL,3000,TOR@DAL 11/16/2019 08:30PM ET,TOR,7.5
SF/PF,Stanley Johnson (13773257),Stanley Johnson,13773257,SF/PF/F/UTIL,3000,TOR@DAL 11/16/2019 08:30PM ET,TOR,3.25
PG/SG,Patrick McCaw (13773261),Patrick McCaw,13773261,PG/SG/G/UTIL,3000,TOR@DAL 11/16/2019 08:30PM ET,TOR,12.5
PF/C,Dewan Hernandez (13773265),Dewan Hernandez,13773265,PF/C/F/UTIL,3000,TOR@DAL 11/16/2019 08:30PM ET,TOR,0
PG,Shamorie Ponds (13773269),Shamorie Ponds,13773269,PG/G/UTIL,3000,TOR@DAL 11/16/2019 08:30PM ET,TOR,0
SF/PF,Oshae Brissett (13773272),Oshae Brissett,13773272,SF/PF/F/UTIL,3000,TOR@DAL 11/16/2019 08:30PM ET,TOR,0
